Level, h1, h2, h3, h4, h5, h6, h7, h8, h9, h10, h12, h13, h14, h15, h16, h17
Level 1,0.0009444136271468222,0.0002622650508160976,0.0002383276652754023,0.00011382336072829211,0.00012347675418524992,0.0001095125548716585,0.0007652767797869243,0.0005673080229935777,0.0015637027775151494,0.00023634633214895037,0.047480109845030295,0.00865555876167729,0.0001688306871516225,0.001160112613920537,0.0024227788548182175,0.05294570562727483
Level 2,0.0005050979554653168,0.0003889992833137512,0.000318000465631485,0.0002568982541561127,0.00023899897933006288,0.0002489998936653137,0.0003312014043331146,0.00026710033416748046,0.001320500671863556,0.0002696000039577484,0.049472802132368085,0.0012891009449958802,0.0033726997673511503,0.004934199899435043,0.004304999113082885,0.05392570197582245
Level 3,0.00024631641255259745,0.00019190823872209295,0.00014953974082063492,0.00008110905164678762,0.00008075087191932424,0.00007609811719144427,0.00018634539776421466,0.00017311450782591498,0.0005292308634204229,0.00015695195214410454,0.03213182335134272,0.002552636857323986,0.0001196805380435647,0.0005907487686283054,0.0008354027712368482,0.045963869627825504
Level 4,0.0004943804371924628,0.00026299981843857536,0.00024028548172542026,0.0003336192596526373,0.00024614305723281136,0.00026090478613263084,0.0017034290801911127,0.00025457108304614113,0.004359048746881031,0.00020219137271245322,0.08813309598536719,0.0019624286464282443,0.0003582377518926348,0.003061950206756592,0.0018184756239255269,0.08973271470694315
Level 5,0.0006981900050526573,0.0003817155957221985,0.0004142377348173232,0.0005142855502310253,0.00043219044094993953,0.00042995171887534004,0.0013554752582595462,0.0004222382392202105,0.0020240949732916696,0.00033995260794957477,0.090159952995323,0.002082142446722303,0.0006367610323996771,0.002990951495511191,0.004509236840974717,0.3100607139723642
Level 6,0.0008841000497341156,0.00040990114212036133,0.0003877006471157074,0.0005555987358093262,0.00043409988284111024,0.00043660178780555723,0.0022240005433559417,0.0019561007618904116,0.0023295991122722626,0.00031019970774650576,0.12951750010252,0.004148999601602555,0.0006375990808010102,0.0035782001912593843,0.004651199281215668,0.1537536010146141
Level 7,0.00034991231012384974,0.0001665459139815181,0.00013981360364610128,0.00008588454970103107,0.00008023167393936616,0.00008782623986216989,0.0005166458292805559,0.00029739569967812533,0.0012024374681904124,0.0001313391869833766,0.05864577263504825,0.0020645013351939,0.00013131650047316462,0.0008752832166990186,0.0016804819409394385,0.0632643009182161
Level 8,0.0005117002460691664,0.0002271115779876709,0.000435899943113327,0.0009240777128272586,0.0002530778447786967,0.0002637225720617506,0.0004002557032638126,0.00025548934936523435,0.0005831332670317756,0.00019428920414712693,0.071056766808033,0.0015814773738384246,0.00048624492353863184,0.0006306776569949256,0.019818388587898677,0.07607431105441517
Level 9,0.00047121928972110414,0.00023242118850088956,0.00022935063431137487,0.0003113858728555211,0.00022914476300540723,0.00024336841153471092,0.00028557474153083665,0.00023954371480565322,0.0006076754642683163,0.00018557448659026833,0.03803442996975623,0.005227184544006984,0.00044623246056991713,0.0005879645611633334,0.0006617145580157899,0.053778162160724924
Level 10,0.0002755557985178062,0.00015597510189294562,0.00014436527439303743,0.00007550909952409486,0.00007903856386158512,0.00007414005335364769,0.00018812073414513805,0.00014982774043515292,0.0003490721467318438,0.00012509685470414822,0.03641169477722792,0.002752329297324043,0.0001077646149326362,0.0003776582412675881,0.0006379349611953758,0.044526839444139744
Level 11,0.00023365825743705315,0.00014209357157866662,0.00016749628303429557,0.00007513255570338477,0.00007113144115067932,0.00008026809362081574,0.00017847374206963148,0.00013013929912093812,0.0003951487418354247,0.00011083545980017267,0.0616586556938231,0.001985155610067987,0.00008806523589807103,0.0005409805540908147,0.00033165247313733106,0.07051379592025693
Level 12,0.0002663875779526382,0.0001541643863343923,0.00013203132287257135,0.00006891432370843187,0.00007571143029773303,0.00006892826345007298,0.00016548857934730875,0.00014703771573002056,0.00034805110534705686,0.00011342938000199485,0.0339805408142044,0.001905171060461109,0.00009201188377067868,0.00032749869813353326,0.0003616204495820622,0.05027798859328873
Level 13,0.00039499967108739105,0.00015919206951158163,0.00015804458688534304,0.00006956443781369583,0.00008236253970520087,0.00008152862346119818,0.00020638683556460074,0.00027722749022135126,0.0007515981648987085,0.00011837088063950055,0.06213964869797493,0.003119604229139336,0.00011429869130844587,0.0006704648567716456,0.000826322307670694,0.07676471791997355
Level 14,0.0002092359697117525,0.00013964754693648394,0.00011594067601596608,0.00006641184582429774,0.00007264622870613547,0.00007211723748375388,0.0001558819237877341,0.00014917640125050266,0.0002834700486239265,0.00011829418294570026,0.028247410321936887,0.0006736464360181023,0.00008547086926067576,0.0003375288318185245,0.0010352345073924346,0.03395241323639365
Level 15,0.00034124227941677136,0.00017913955674376538,0.0001524941575142645,0.00008032779379557538,0.00008218306847797926,0.00008267236332739554,0.0002715482266359432,0.00020885507586181805,0.00045030656200583264,0.00014635479898862942,0.09185448873748062,0.004400887236159335,0.00010501585339987149,0.0006112416264831379,0.0022379461956280535,0.10498301092014518
Level 16,0.0006303995847702027,0.0003411993384361267,0.0001981973648071289,0.00009419918060302735,0.00008739829063415527,0.00008299946784973145,0.00043199807405471804,0.00026459991931915283,0.0008029997348785401,0.00017919987440109252,0.08231000155210495,0.00592159777879715,0.00011360198259353637,0.0011501967906951903,0.002461200952529907,0.0936387985944748
Level 17,0.0007729753851890564,0.00040519510100527507,0.00035573160502968767,0.00016802440329295832,0.00016309720713917803,0.00016175573918877578,0.000420634339495403,0.0004155852082299023,0.001154316452945151,0.0002786827886976847,0.1269383653998375,0.0026142684424795754,0.00020082930966121393,0.0013019020964459675,0.002254951472689466,0.13954009733548978
Level 18,0.000374675989151001,0.00016927963495254518,0.00014716392755508424,0.0002030639350414276,0.00008074381947517395,0.00007490015029907226,0.0001994323432445526,0.00016574007272720338,0.002532983958721161,0.00013869231939315796,0.0695573559999466,0.0027906761169433593,0.00009372037649154663,0.0006699321269989013,0.0007910794317722321,0.1065652438402176
Level 19,0.00040371515580586026,0.000188108343737466,0.00013249460629054477,0.0000697307995387486,0.00007847472258976528,0.00007441872188023158,0.00022932155983788628,0.00016808161054338727,0.0005561648096357073,0.00012547383649008615,0.05117547537939889,0.0010159593599183218,0.00010619831766401018,0.000503166161264692,0.000657880449295044,0.06206703365019389
Level 20,0.0003670749380075236,0.0001739799776467439,0.00013697523146487977,0.00008798904122321259,0.00007515704467902641,0.00007510662958335749,0.00022726745452759332,0.00016692617869393126,0.0009143389466622785,0.00014699920662132227,0.07649486696036528,0.0032198920156394453,0.00010770464866933688,0.0005229450077677957,0.0004615804299182495,0.1388589558596982
Level 21,0.00035032257437705994,0.0001876077481678554,0.00017542817762919834,0.0000818925244467599,0.00008192951125758035,0.00008257185774190085,0.00027328596583434513,0.00020957099539893015,0.0006388920758451734,0.00016035804791109904,0.06842124994312014,0.006116286186235291,0.00010521470436028071,0.0005578212440013885,0.0013133218245846884,0.08015503574694906
Level 22,0.0006593638523058457,0.0003331364555792375,0.000286270948973569,0.0001459087837826122,0.00014800036495382136,0.0001507286321033131,0.00041777301918376577,0.00035159154371781784,0.0008110918781974099,0.00023686377839608625,0.08238272673704407,0.005165682258931073,0.0001932267438281666,0.0009085461497306824,0.0022521364417943087,0.09079481729052284
Level 23,0.0005221602320671082,0.00022397950291633606,0.0002055200934410095,0.00010924100875854492,0.00009934008121490479,0.00009938016533851623,0.0005260203778743744,0.00037144020199775696,0.0005096596479415894,0.00019300013780593873,0.13882769986987115,0.0012889397144317627,0.00013780027627944947,0.0007965600490570068,0.0021688000857830046,0.16154259994626044
Level 24,0.0004282740080236625,0.0001750304470177866,0.00014821697877434267,0.00008003138626047153,0.00007691430101201242,0.00007171272895219087,0.0003183916683748169,0.00019255615077792381,0.0004317018329261025,0.00011802811008577268,0.06987686113281998,0.00217225680257824,0.00012503484603143677,0.0004890891903691555,0.0006519270405859509,0.07951698277955667
Level 25,0.0004338502883911133,0.00021105073392391205,0.00015734992921352388,0.00008109994232654571,0.000086299329996109,0.00008499994874000549,0.0005111999809741974,0.0003419492393732071,0.0005952000617980957,0.00014679953455924987,0.1208331510424614,0.0012306995689868928,0.00011484995484352112,0.00074630007147789,0.0019767004996538162,0.13957385048270227
Level 26,0.0007669158279895782,0.0003392500181992849,0.00026671650509039563,0.00013018387059370677,0.00012703314423561095,0.00013501644134521483,0.0010538168251514434,0.0005288664251565933,0.000618816539645195,0.00023313363393147787,0.20227673339347044,0.0017735835164785386,0.00018123375872770945,0.0010448835790157318,0.0030822170277436576,0.20859671644866468
Level 27,0.0003861137436109808,0.00017903037146513415,0.00012911358633828983,0.00007416326302049406,0.00007437373635391126,0.00007665348037386867,0.0002609189454972833,0.00016546774772517885,0.0004696975808774409,0.00013430502894926143,0.058668105004101946,0.0011442492678427375,0.00010498437713079923,0.0005901592250451201,0.001351405152290926,0.06104816900919817
Level 28,0.0005872004561377783,0.00023069370925696189,0.00016158550790988565,0.00007327076526124677,0.00008414954911778706,0.00007858231606651091,0.0005172669830489897,0.0004088169283415439,0.0005766422547117326,0.00016099368855798034,0.11480591427489435,0.001971375527819233,0.00011274773009015092,0.0007418897528080752,0.0013227980626695794,0.1211393282434644
Level 29,0.00032166601746272795,0.00016449833575190838,0.00013058871272953658,0.00007507040643580482,0.00007701224713846188,0.00007309652172431678,0.00031237942229112085,0.00017282521304247137,0.00045266665108286363,0.00013996019388938733,0.06097545149704806,0.0012559917878447152,0.00010582469435846455,0.0003598737064347719,0.0005599119014066677,0.08939353416617773
Level 30,0.0003685504000681823,0.00017627861495364785,0.00014146962577514356,0.00007700877862981589,0.00007739872557546212,0.00007964378418488476,0.00021775892150687894,0.0002583074574044784,0.0007259931925085621,0.00013267144941781463,0.05325993208703434,0.005681604527924957,0.00010316161832867561,0.0008406582792905296,0.0006250086409364383,0.08531834337905253
Level 31,0.0005371987819671631,0.000248602032661438,0.00021820068359375,0.00007399916648864746,0.0000742003321647644,0.00007599890232086181,0.0004359975457191467,0.0002671986818313599,0.005600199103355408,0.0001998007297515869,0.2095009982585907,0.018915198743343353,0.00009920001029968261,0.000906398892402649,0.0009034022688865662,0.24836559891700744
Level 32,0.00036740756553152335,0.0001687950946344352,0.0001505549950814395,0.00007337826934660444,0.00008024412976658863,0.0000779856181477908,0.000400897800367071,0.0016561477242604545,0.0017496185724316918,0.00012812385370272286,0.1059693495575223,0.0018490164812584842,0.00010131295215083945,0.00048409003347898863,0.000608551261587913,0.41443284863710217
Level 33,0.0004267609119415283,0.00017823994159698486,0.00013900011777877807,0.00007256031036376953,0.00007936060428619385,0.00007503986358642578,0.0002795204520225525,0.0001956397294998169,0.0009741604328155518,0.00013052046298980713,0.07246971994638443,0.0019482004642486573,0.00009875982999801636,0.0007349610328674317,0.0006675603985786438,0.07809992134571075
Level 34,0.0005451813340187073,0.0002522732723842968,0.0001661811362613331,0.00008809092369946566,0.00009745359420776367,0.00009509108283303,0.0002841827544299039,0.00028482011773369527,0.0009293651038950139,0.00019945271990515968,0.05295945365320553,0.0009777274998751554,0.00011154399676756425,0.0006277269937775352,0.0008250908418135209,0.06422581794587048
Level 35,0.00035336342724886805,0.00022690946405584162,0.00018381733785976064,0.00010700117457996716,0.00010545348579233342,0.00010418079116127707,0.0002565431323918429,0.00025163455442948776,0.0008900903842665932,0.00017163563858379018,0.05200663818554445,0.0008543634956533259,0.00010918080806732178,0.00046745416792956263,0.0006418180736628445,0.06250563670288432
Level 36,0.0006360755516932561,0.0003019227431370662,0.00027546171958629903,0.00012615380378869863,0.00013361412745255692,0.00012915294903975265,0.0004176933031815749,0.000355229927943303,0.00197407603263855,0.00023076855219327487,0.09003807604312897,0.0019380003213882446,0.00015907734632492065,0.0008159222511144785,0.0010910773506531348,0.09885853758225074
Level 37,0.0003858885003460778,0.0002015997138288286,0.0001491222944524553,0.00008155595925119188,0.00008558846182293362,0.00008193370368745592,0.00029452269275983173,0.0001940108835697174,0.0005068329473336537,0.0001318779256608751,0.06979961097240447,0.0018751778536372716,0.00010877740052011278,0.0005938222838772668,0.0009977778626812828,0.07841856686605347
Level 38,0.0003457152181201511,0.00016176384977168508,0.0001350697647366259,0.00007492340066366726,0.0000793886784878042,0.00007888224596778552,0.00036779139190912247,0.0002682709342075719,0.00047395854360527464,0.00012360456296139292,0.08864953503426579,0.00147697189822793,0.00010436778474185202,0.0006129931037624677,0.001467069507473045,0.09685415241660343
Level 39,0.0004063851055614451,0.00017280781014080354,0.00015365758681679792,0.00007750269244698917,0.00007898416270546735,0.00007893041493420932,0.00046683955479433193,0.00028121921627279273,0.0006216204262034778,0.00014047049742968963,0.09795505326380705,0.0033034547605616522,0.00010857229086167035,0.0006506843044158609,0.0015031174622117517,0.1060795823839259
Level 40,0.00037092694439402847,0.00017304639178416568,0.00014976029614346902,0.0000786733408346459,0.00008147517659171409,0.00007850173365063353,0.0002588346329188326,0.00018149790043711251,0.0005116822883746707,0.00013541271413160437,0.059322114460341996,0.004627223723476349,0.0001121354106124398,0.00039942950811049717,0.0006760082494737418,0.06671816471422856
Level 41,0.0003448237174704333,0.00017523941975696863,0.00014633248074529152,0.0000738341276831831,0.00007829969040392628,0.0000782873228154795,0.00022216086799011422,0.0002553477432925995,0.0004887456257337287,0.00012215386409903653,0.058788611903148574,0.0028319444967156993,0.00010117625709745085,0.0006559545207083675,0.001449390401317731,0.06914581853886996
Level 42,0.00033995735325983593,0.0001599272161874236,0.00013356697650588288,0.00006983867770403016,0.00007416013799303648,0.00007117103443157916,0.00021477360088302164,0.00016050832346081734,0.0004477493502959913,0.00010766126975721243,0.05648634563751367,0.004113368001025246,0.00009523477519349176,0.0006122810870637091,0.001355364115680663,0.06217881387612802
Level 43,0.00026903620788029263,0.00016028593693460737,0.00012800044247082302,0.00007496481495244163,0.00007828591125352042,0.00007335815046514784,0.0001799288604940687,0.00017596515161650523,0.0003468215997729983,0.00011542918426649911,0.037414249564920156,0.0007104642157043729,0.00009435707969324929,0.0004526775862489428,0.001099820381828717,0.046106785269720216
Level 44,0.0003615291815408519,0.00016891144810707916,0.0001406614926639297,0.00007048783377862312,0.0000760584982208243,0.00007228187936852236,0.00025364947570881375,0.00016000300750766003,0.0004767643296522714,0.00012046128091677813,0.07321221997935168,0.0022471143623612857,0.00010084712379415271,0.0005303450156125665,0.001349213129967591,0.08453282158594456
Level 45,0.00025047011235181023,0.00015511845841127282,0.00011429497424293967,0.00007029447485418881,0.00007417710388407988,0.00006888149415745455,0.00014605899067486033,0.00018458681948044722,0.0003129406010403353,0.00012382426682640524,0.03364023478592143,0.0005502341424717623,0.00008064596091999727,0.0003530593479380888,0.0007550584919312421,0.04299494142041487
Level 46,0.00032315471735438355,0.00015069551521149888,0.0001359617415933401,0.00007296674180001542,0.00007484507960595344,0.00007236093662434426,0.00021738340660110733,0.0001969954074984648,0.0003340226061365375,0.00011896392136656656,0.05451387355357436,0.0029623985352291446,0.00010018679406293741,0.00046780497169692274,0.0005121708584227078,0.05990827740117162
Level 47,0.0002838327471478527,0.0001555933835971878,0.00014841829638082192,0.00007452587207475031,0.00009915550272778211,0.00007889606800687266,0.00018111951797606936,0.00019976084094598475,0.00073945017687353,0.00011958549934554385,0.053772190771254884,0.0027487847315837664,0.00009289238438663254,0.0004489320623447221,0.00047118712468926176,0.09638441051263734
Level 48,0.00035397072925287136,0.0001931475365863127,0.00016355930882341722,0.00007996971116346471,0.00008094201193136327,0.00008002975407768699,0.0002482051358503454,0.00022476385621463552,0.0006397938465370852,0.00014552956118303186,0.05081376499112915,0.001218176501638749,0.00011438306640176212,0.0005673818728503059,0.000723940265529296,0.06053850010913961
Level 49,0.0005024715381510117,0.00027282492202870985,0.00017964839935302734,0.00007952881209990558,0.00008988073643516091,0.00008023486417882582,0.0003077054724973791,0.00025711778332205377,0.0009282354046316707,0.00021317557376973769,0.07571558873443042,0.0075958235298886016,0.00012599939809126014,0.0008273523520020878,0.0007715882623896879,0.08272123555926715
Level 50,0.00037593021988868713,0.00026038909951845807,0.00017962428844637342,0.00008087584541903602,0.00008200005524688297,0.00008144457307126786,0.00027491731776131526,0.0002631250148018201,0.0006174722479449378,0.00014216618405448066,0.06490180579324563,0.003078167119787799,0.00010772183951404359,0.0010545977080861728,0.0011693609671460257,0.08131295835806264
Level 51,0.00032004029527912294,0.0002367480135545498,0.00015898333574698224,0.00008038243627160545,0.00008101597791764794,0.00008148790859594578,0.0002489350433272075,0.00024388682066909666,0.0005616423318056557,0.00013589410762476726,0.06469473133726818,0.003610585399759494,0.0001022684864881562,0.0009488783231595667,0.001156975583332341,0.07810075593188526
Level 52,0.00036271940916776657,0.0001931560691446066,0.00018253084272146225,0.00008021900430321693,0.00008181203156709671,0.00008315593004226685,0.0002745946403592825,0.00019303127191960812,0.0005804069805890322,0.0001275308895856142,0.0641598750371486,0.002143031219020486,0.00010590627789497375,0.0007791873067617416,0.0008009374141693115,0.0692420625127852
Level 53,0.0004102337167867078,0.00017347797226385784,0.00014891676204716598,0.00008334093945938469,0.0000782993215842535,0.00008259581139423703,0.00032334446957047353,0.0003468064466278825,0.0004479169095522605,0.00015044543617123726,0.1038886681099066,0.002724322470392557,0.00012176171095179231,0.0006976310251243162,0.0012067804813084987,0.11393753200044368
Level 54,0.0002940915056041904,0.00017395042456113375,0.0001486292356377715,0.0000793632198046971,0.0000769441256989966,0.00008006967031038724,0.00022196509204544388,0.0002804267239737344,0.0004051469943740151,0.00011976933354264372,0.06209309112567168,0.0023157341288519906,0.00009785337256384897,0.0005141121524197238,0.000505874206969788,0.06390882486646826
Level 55,0.00034082247644451493,0.00018464583665766615,0.0001575818932648246,0.00007951714045612525,0.00007736883687634841,0.00008129767069579861,0.00022315624969225403,0.000287943275262278,0.0004115746164998264,0.00013244004114299802,0.06275614181942973,0.002986234077747832,0.00010177989800771077,0.0005024966407329478,0.00048756002323001833,0.07294936869161349
Level 56,0.00032559980948766075,0.00016668885946273803,0.0001399553484386868,0.0000794880919986301,0.00007991145054499308,0.00007986641592449612,0.00030193312300576106,0.0002094217472606235,0.000555421577559577,0.00014402220646540323,0.07781006710396873,0.001649933225578732,0.0001123330659336514,0.0005045339465141296,0.0006821336017714606,0.089060577750206
Level 57,0.0004223048160541748,0.00019535677502035978,0.0001604781593027012,0.00007398116225934239,0.00008030415195478191,0.00008252263069152832,0.00037073620519179474,0.0002984068841765743,0.0005357000161550932,0.00014757888649349942,0.07091647856836815,0.0035613984001162478,0.00010969439362403338,0.000599911788494945,0.00100074152921905,0.07423932149757698
Level 58,0.000551026772681184,0.00023236430094862118,0.0001741052302890336,0.00008408840455236941,0.00009165356696352543,0.00009190959017554215,0.00034807301395441836,0.0003253418426208989,0.0008594352080419036,0.00016598178986740555,0.06638002259839629,0.002248384480276283,0.0001294609603848684,0.0011493501615255919,0.0007911397378840523,0.07047229893524073
Level 59,0.00047998197234360275,0.00023168572289928509,0.00017328825441135723,0.00008283730240384485,0.00008497182825568375,0.00008712263623620295,0.00031575179973225684,0.00035167097475877993,0.0013388552511953244,0.00016256850426364097,0.06286947060542501,0.003531176003680867,0.00011667653823354442,0.000991766229746448,0.0006453209916117844,0.15959647632708215
Level 60,0.000322044029057098,0.00017308185942371926,0.00013508412721223383,0.00011875284193793116,0.00007574375281887447,0.0000761253865122651,0.0002272837845993734,0.0002902552638621832,0.00116068760187623,0.00010874335718270225,0.05668759686194423,0.002951978318204038,0.00010262625303205008,0.0007947889292903217,0.0005209908583071961,0.1445353881479607
Level 61,0.0002498974711258219,0.00013883242973629733,0.00014670804975936132,0.00007174113152190025,0.000074698618665245,0.00007462607499975596,0.00021360861773816694,0.00018859572754883618,0.001975178926812936,0.00012057023759214034,0.05941649688789563,0.004505752165865454,0.0000905948303501058,0.0005432620366908009,0.000751447844209138,0.1777677434803166
Level 62,0.0005044605898953806,0.0002181271104322732,0.00017489194013895962,0.00007615481409199861,0.00008085735668480175,0.0000800784298317301,0.00032735015440325593,0.00020500688979495978,0.0006413119226623605,0.00015121800859621467,0.06385174753970897,0.0026662363146720365,0.00010615135012707544,0.0010442355872409173,0.0008911075408533644,0.06835550732026836
Level 63,0.0003629851600398188,0.0001858112172804017,0.00015939221433971238,0.0000776379652645277,0.00007743420808211617,0.00008184020070062168,0.0002386666078498398,0.00034944896680721337,0.0004976660661075426,0.00011876819358355758,0.08404807195715282,0.00156602932923082,0.00010921719713487487,0.0007140581374583037,0.000567565685597019,0.09307701410590738
Level 64,0.0006165722951128585,0.00025448658939828365,0.00020009651257018508,0.00008461965302167948,0.0000849167286692077,0.00009506596635313426,0.00035771068891766317,0.00036098356382060077,0.0007224122733027192,0.00016960603901471872,0.06127359942573243,0.0043310096160459185,0.00012738734423934874,0.0010643927419675867,0.0007465310222884956,0.06278865599973033
Level 65,0.0002911001443862915,0.00016240105032920836,0.00013519898056983947,0.0000786997377872467,0.00007680132985115052,0.00007809922099113464,0.00017760023474693297,0.0001810997724533081,0.0004555001854896545,0.00014289990067481995,0.03621430024504661,0.0006846018135547638,0.00010540038347244263,0.00040140002965927124,0.0009797997772693634,0.047269899398088455
Level 66,0.00045525702910545544,0.00027043487016971293,0.00021712825848506048,0.00011328206612513616,0.00011515349913866092,0.00012346127858528725,0.0003814607476576781,0.00040384668570298416,0.0007572047985517061,0.00019240971559133285,0.0981441793533472,0.0024908718008261463,0.000137615089233105,0.0008396928509076437,0.0009479226592259529,0.10751305176661564
Level 67,0.00048179924488067627,0.00033200085163116456,0.00018239915370941163,0.00008299946784973145,0.00008419901132583618,0.00008160024881362916,0.0003345981240272522,0.00026099979877471926,0.0006458014249801636,0.00017439872026443483,0.050089801847934726,0.001053398847579956,0.00010560154914855957,0.0006493985652923584,0.0008068010210990906,0.05930559784173965
Level 68,0.00042034392507090616,0.00021655223869252853,0.0001701409604654833,0.00008152675858814983,0.00008381085107998158,0.00008413639056477182,0.00036950238499127656,0.0003396591470527134,0.0005790634857610917,0.00015126451005424878,0.08134165411640654,0.0012022522532373191,0.00011767561607200476,0.0007073643953938293,0.0020514237038050296,0.08382965710794428
Level 69,0.00044472984577480115,0.0001988736825778072,0.0001633100984688092,0.0000773022587138011,0.00007916757038661412,0.00007849745060268202,0.0008473299118809234,0.0002037106980954794,0.0007522223094352206,0.0001433193504362178,0.2385988685578332,0.0037617188131898864,0.00011990593788319064,0.0013715678431037673,0.001093508964194391,0.2565089371912461
Level 70,0.0005159671465841236,0.00023476858869319277,0.00019075806952660785,0.00008362353165686627,0.00008377103623524101,0.00009401795817703091,0.000316479182055529,0.00036853237683514515,0.0006194691863377078,0.00014492939636318413,0.08268175677908196,0.0037219256155738355,0.000122977034003233,0.0006964747967462611,0.000538881716212263,0.09349825228214871
Level 71,0.00057492123389705,0.00024503732136138084,0.0001936273593684701,0.00008029590748734969,0.00008189069837174642,0.00007915018103453732,0.0003139153829986894,0.00024317224593489367,0.0016797785678312105,0.00016999074203896816,0.08927313219002973,0.011427466120891705,0.00011492867304277336,0.0008721514593528319,0.0008217385107477856,0.10002757331032326
Level 72,0.0008473977446556092,0.0003645971417427063,0.0002110019326210022,0.00007439851760864258,0.00007120072841644287,0.00007320046424865722,0.0004273995757102966,0.00032619833946228026,0.0013445988297462463,0.00016399770975112916,0.04532659947872162,0.0012742012739181518,0.00015940070152282716,0.0008251994848251342,0.0011171996593475342,0.049677200615406036
Level 73,0.00035772237875690197,0.0001778441832824634,0.00015196698513493756,0.00007650658259554692,0.00008022246344645517,0.00008034706607591321,0.000411393020359237,0.00023443556806792873,0.0006642248023459376,0.00012906720942643476,0.10487672061165836,0.00996655211489593,0.00010888564137071444,0.0006904147256717251,0.0005616339830148927,0.11295122193963561
Level 74,0.00036649433228347773,0.00017630658100629496,0.00013786481611002626,0.00007487856984199093,0.00007670896386336602,0.00007723004050102098,0.000608886678735799,0.0002887114374905476,0.000362664934609466,0.00011836751219762057,0.153337122007909,0.003972460605283649,0.00010779560422860977,0.000589134464211796,0.0011576779383690634,0.16095959915991173
Level 75,0.0003140403610712118,0.00016440749620631542,0.0001367109068789504,0.00007270702213184606,0.00007700994723845324,0.000074377755474791,0.0006957412987088216,0.00022659341102304877,0.0003970074884265616,0.00011935821636855512,0.1916143355074258,0.0011962222752241879,0.00010556989944397227,0.0006742176906472815,0.0017616934848211604,0.2047385920421397
Level 76,0.00019443391457847926,0.00014749979195387468,0.00011406433971031852,0.00007197876339373381,0.00006910899411077085,0.00007197811551716016,0.0001835435952829278,0.00019721751627714738,0.00042891356608142024,0.00010428286117056142,0.04604280464675115,0.0009097819742949113,0.00008326169589291449,0.00047930427219556725,0.0007194568929464921,0.05326223875517431
Level 77,0.0003640054417423028,0.00017237793778104423,0.00014956985205874474,0.00006900441124539682,0.00007372486617771327,0.00007209983838106734,0.0004163802727363062,0.00016764960274463748,0.0005115199991049629,0.00011720623977961403,0.11010112860415569,0.005604824807057095,0.0000975764461869411,0.0011664978465986357,0.002727618486416049,0.11788151885678129
Level 78,0.00022187919327707002,0.00013805993578650734,0.00010724207668593435,0.00007045404477552934,0.00006727332418615168,0.0000709690379373955,0.00017493963241577148,0.00018381778941009983,0.00038639410878672743,0.00010981771982077396,0.04542260594440229,0.0007890002294020219,0.00008227314912911618,0.00035354585358590793,0.00053581821196007,0.05209651544238582
Level 79,0.00022565266078486103,0.0001406008541334623,0.00014010476392682127,0.00007261920050098308,0.00006797238872639804,0.00007327038747994969,0.00018406272807380643,0.00020218234680686537,0.00031735726854292416,0.00011232459146108587,0.052278813439183655,0.003255194120077907,0.00008840408160596712,0.00041133045027944335,0.0007469254744601549,0.06070455139401568
Level 80,0.00024033428141565034,0.00016581876711411908,0.00014639442617242986,0.00007372710740927494,0.00007694011384790593,0.00007624224279866074,0.0002003023118683786,0.00021787936037236994,0.00038987872275439173,0.0001298489444183581,0.04539318247274919,0.0012725751959916317,0.00008878698854735403,0.0006156060280221882,0.000513303234721675,0.05543430285020308
Level 81,0.00036275066544155674,0.0001679432886496284,0.00016406672950182623,0.0000769160752815263,0.0000766614786696533,0.00007662061079248385,0.0002982004454655668,0.0001809282100314064,0.0008897120903008875,0.00012907908454938723,0.10194931801847298,0.0065474842698615915,0.00009931340807646764,0.0005174172840264724,0.0005496899116523269,0.16069582838958954
Level 82,0.0004553812602813337,0.00022519553342923874,0.00016383539768662455,0.00007999651435391818,0.00007489594593880003,0.00007986709229173771,0.0005018311201205272,0.0004697143848077369,0.000570055481270506,0.0001343211530590829,0.1663990436574543,0.0024572455475249007,0.00011110511771231272,0.0007851360483023636,0.0006763550636007716,0.17248235983597826
Level 83,0.0003255409431199843,0.00017060295374591466,0.00014013201591640337,0.00007763375296120758,0.00007613827988284983,0.00007640722126141615,0.0001967668838468428,0.00016591686912228494,0.00039066435754366973,0.00013320356929532768,0.04475546586703386,0.00247490266179062,0.00009510515255597129,0.00038933338209630686,0.000977531757811773,0.052795693354598494
Level 84,0.0003613877185023679,0.00017390943544528587,0.00014966937665164862,0.00007579448237439966,0.0000776237735588535,0.00007774146523803263,0.0002266139698262989,0.00016899568076908197,0.0006168340306804145,0.0001282061143360198,0.05004190953919163,0.0038051337571681255,0.00010513861937903756,0.0005042493437412555,0.0005339648846819957,0.06766878565062044
Level 85,0.00047292504459619524,0.0002303754910826683,0.0001960497349500656,0.00007947497069835663,0.0000790247693657875,0.00008305013179779052,0.0005269743502140045,0.00032069962471723554,0.0007647249847650528,0.00015487540513277055,0.10069094970822334,0.00398315042257309,0.00011529978364706039,0.0008950997143983841,0.0011027997359633445,0.10003102533519267
Level 86,0.0003424003720283508,0.00018710047006607056,0.0001825012266635895,0.00008559897541999817,0.0000889994204044342,0.00008749961853027344,0.00018859952688217164,0.000250302255153656,0.00048349946737289427,0.00019399896264076232,0.034849802404642104,0.0012739978730678559,0.00009919926524162292,0.0004735000431537628,0.0006282985210418701,0.04164999946951866
Level 87,0.0004629481586683955,0.00017446673431739426,0.00017533050572133375,0.00007818414820408036,0.00008019529619377445,0.00008208375045062023,0.00043115249529264313,0.00040725288398181926,0.000411229761062274,0.00012202072081989063,0.08039839000404793,0.002608979152203427,0.0001106191463568964,0.0006611276212751911,0.0009530351825725421,0.08470694838175814
Level 88,0.00028277732633114365,0.00014223153655548257,0.00015966039933643187,0.0000744770620422002,0.00007638268588259111,0.00007536058173351896,0.00017870142820716867,0.00018598913874637868,0.00046878357972232387,0.0001118453484131804,0.040229983878675074,0.0013197343032094982,0.00009197967537910383,0.0003044047075712819,0.0004177387217102198,0.09174251655964047
Level 89,0.00033407126154218404,0.00017999964100973948,0.00016085803508758545,0.00006957086069243295,0.00007400076304163252,0.00007764250040054321,0.00022299960255622864,0.00017042937023299082,0.0004375720662730081,0.00011849988784108843,0.03519878483244351,0.000891714755977903,0.00008892800126756941,0.0003570712038448879,0.0005691429334027427,0.04586992785334587
Level 90,0.0005308290322621664,0.0002500179920110617,0.00024579304295617183,0.00012138740973429637,0.0001228827613968033,0.0001230452646006335,0.00031791969731047347,0.0003179371491208807,0.000633873649545618,0.0001999459288141749,0.06927644078795975,0.0016685677944002924,0.0001446308047921808,0.0006376218956870002,0.0009671979256578394,0.08255688268859107
Level 91,0.00031090072775615083,0.0001277785378558035,0.0001382901127101811,0.00006795401564081207,0.00007039683920736531,0.00006925206602984712,0.00018809127216120713,0.0001562589793714858,0.00030959573865846823,0.0002535951842788522,0.06040583209682057,0.004035801662288549,0.0000797939550785618,0.00026280939124012723,0.0010891600533296133,0.06610053413696872
Level 92,0.00045898624891188084,0.00017790261419807992,0.00017174184031602813,0.00007921248092883971,0.00007477172991124595,0.00007666927721442246,0.00022828525304794311,0.00021902290059299003,0.0005530925044199315,0.00013187956083111647,0.05243317952097916,0.0027138366771907343,0.00010098747945413357,0.0006256923021339788,0.0013749600169135302,0.05674777850436001
Level 93,0.00038005960862562096,0.00016719836462545325,0.00014952647611727934,0.00007378207472926071,0.00007413371705298942,0.00007466289879029807,0.0002571980659293017,0.0003663919616486382,0.00036234408134703383,0.00012269573200866037,0.05974930524102575,0.0026484048263813267,0.00010187459558243697,0.0004534901953723597,0.0006903163735429375,0.06428879995618289
Level 94,0.00035990676168599705,0.00016020408316715106,0.00015576179057579556,0.00007571219256954683,0.00007751491370925282,0.00007495980144032265,0.00020206890217495523,0.00020811321837882054,0.0003577131873716443,0.0001242994329638834,0.04054617667696277,0.0020370553611298915,0.00010156391519712935,0.00039063142652852453,0.00048125628689960255,0.048322478135376296
Level 95,0.00037426874745961203,0.00017808584938140768,0.00015841264565495913,0.00007620639294015595,0.00007813645960478316,0.0001285803720137675,0.00020480199517236406,0.00020988473416115385,0.00035222624702784645,0.00012114858491268755,0.03735078026871144,0.0011416465518991087,0.00010970702896982448,0.0003769522948418998,0.0005275695401066255,0.045245148476992084
Level 96,0.0003122854090872265,0.00014738170873551142,0.00014209428003856113,0.00007404741786775135,0.00007690382855279105,0.00007514300800505138,0.0001731436877023606,0.00016652366944721768,0.00042309647514706566,0.0001238098456746056,0.03764028634343829,0.0006720480464753651,0.0000947610962958563,0.0003616664381254287,0.0007329047435805911,0.04746081041438239
Level 97,0.0015182154519217356,0.0006514292742524828,0.0005738575543676104,0.00028507145387785774,0.0003091426832335336,0.00028921504105840413,0.0007972850331238338,0.000831856791462217,0.002113071935517447,0.0005032861871378762,0.16924285675798142,0.007091499865055084,0.0003397869212286813,0.0016440711915493011,0.0022897145577839445,0.20698928566915648
Level 98,0.00036184254445527727,0.00020431544174227798,0.00020908812681833902,0.00010617534842407494,0.00011217489577176278,0.00010933269534194678,0.00023201735396134225,0.0002660350057116726,0.000501684844493866,0.0001632284961248699,0.05034092852943822,0.001992473346099519,0.00012712259041635613,0.00040668419055771407,0.0006625090251889145,0.06506335094832537
Level 99,0.00027781792662360453,0.00016700002280148593,0.00015942481431094083,0.00008412157044266209,0.0000892426028396144,0.00008566654992826057,0.00017866763201626864,0.00018048399325573084,0.00040390884334390813,0.00012560550010565555,0.04662206069086537,0.0009419990308357008,0.0000967880090077718,0.0003903327566204649,0.0005459383581623887,0.06070615238312519
Level 100,0.0002843147074734723,0.00016381467382113138,0.00016692598108892088,0.00008187015299443845,0.00008612995346387227,0.00008401785183835912,0.0001624447328073007,0.00023764827185206942,0.00034920402147151807,0.00012281440474368906,0.04465901879248796,0.001594888805239289,0.00009894440019572223,0.0004170183782224302,0.00075253802869055,0.054812555097871356
Level 101,0.00029088805119196576,0.00016399928265147738,0.0001583898233042823,0.00008005566067165798,0.00008222171001964145,0.00007994307412041558,0.00017755520012643602,0.00017683332165082297,0.00040238847335179645,0.0001488874355951945,0.03997494404514631,0.0010150008731418187,0.00009327795770433213,0.00036461237404081557,0.001477776716152827,0.049878555453485914
Level 102,0.00035849958658218384,0.00017360150814056398,0.0001655980944633484,0.00007950067520141601,0.0000863008201122284,0.00008360221982002258,0.0002241984009742737,0.00023740082979202272,0.000580500066280365,0.0001534000039100647,0.04393080025911331,0.0009103007614612579,0.00010110139846801758,0.000512000173330307,0.0006915993988513946,0.05737539976835251
Level 103,0.00034425097207228344,0.00018941673139731088,0.00017041775087515512,0.00008125044405460358,0.0000866670161485672,0.00008616658548514049,0.0001992496351401011,0.00022433449824651083,0.0004344986130793889,0.00013925259311993918,0.04034258363147577,0.0008129173268874487,0.00010600127279758453,0.0004627512147029241,0.0010262491802374523,0.05431816540658474
Level 104,0.0004979099687502013,0.00019054581451020258,0.00017847521434720208,0.00007813214577114513,0.00007927541905044115,0.0000754749887191024,0.00022644970734897232,0.00024762720973168465,0.000518316692000984,0.00015338030165118038,0.0507670831546476,0.001752808059015333,0.00010814173826894295,0.0005297957186014963,0.0010781926084107657,0.05786200767059127
Level 105,0.00039450496435165404,0.00019370995461940766,0.00017508462071418762,0.00008552007377147674,0.0000857548788189888,0.00008325990289449692,0.0002578048408031464,0.00021538499742746354,0.0004880700260400772,0.00013736497610807418,0.0550808397680521,0.0036342646554112434,0.00010935511440038681,0.0006206401064991951,0.0006560999155044556,0.06404521003365517
Level 106,0.00048212231070335424,0.00016624818755579847,0.0001709834805556706,0.0000762946205213666,0.00008120895030775241,0.0000835716092426862,0.0006049812605072345,0.00043477866732116255,0.00080616745898234,0.00013689825510872263,0.14987781430661146,0.00378795672607209,0.00011181967399482216,0.0007887215287025486,0.0006478259373190147,0.16176181261959885
Level 107,0.0004097717173385307,0.00016780663495776296,0.00016176193610004994,0.0000726144791432398,0.0000724383616095106,0.00007401871906321233,0.0004148154912519533,0.0006443067406394407,0.00045138646180210834,0.00012577634628966133,0.1648323080320468,0.0025395530418222175,0.0001007386102464986,0.000592584237578663,0.0005433635929926667,0.17839495216439705
Level 108,0.0005359248756017268,0.0001910822698080209,0.0001886624809604998,0.00007954959332466573,0.0000807118488691982,0.00008051050454728413,0.0006053696286246762,0.00044693990133713263,0.0008708721891108621,0.00015124964445030738,0.15230980614260659,0.00448127786248404,0.00010507150636797619,0.0007851743710730409,0.0006449486715276868,0.1639391659191084
Level 109,0.00035219937562942506,0.00019489824771881103,0.00018509849905967712,0.00007760003209114074,0.00007509961724281312,0.00007470101118087769,0.00030429959297180177,0.00023130103945732117,0.0005906999111175537,0.00015979930758476258,0.06502089947462082,0.0008534006774425507,0.00009599998593330383,0.0004445984959602356,0.0005484990775585175,0.0816611997783184
Level 110,0.00043640012542406716,0.00022863298654556273,0.0002135331432024638,0.00012256627281506856,0.00012696658571561178,0.00012159993251164754,0.00024419998129208883,0.00024599979321161906,0.0005582330127557118,0.00016646583875020346,0.06293796673417092,0.0011999001105626424,0.00013933430115381878,0.0005379006266593933,0.0007451338072617849,0.08035646602511406
Level 111,0.0004885816989943038,0.00021800034961035086,0.0002216740056525829,0.00010958123345707738,0.00011279104753982189,0.00011146519073220186,0.00042316317558288574,0.00028125543233960173,0.0005660235535266787,0.00016716226588848026,0.14002509363168894,0.002302418268004129,0.00013548898142437603,0.0005728832857553349,0.0030347668500833734,0.15357437227354492
Level 112,0.0003115104076274111,0.00014721661845217227,0.00014980957694253895,0.00007880691272693043,0.00007777800905735786,0.00007231221619866339,0.00019063007604731662,0.0001707202180476952,0.000326639143970069,0.00011088583725956794,0.04738233860318116,0.001752479026323854,0.0000894054907356973,0.0004059593254343418,0.0004855799549833683,0.05575560879089388
Level 113,0.0002946853078342415,0.0001474301758650187,0.00014786120202090288,0.00007691896064682408,0.0000843257886600924,0.00008206830189392731,0.00023505546421081095,0.0002964924148342631,0.00037062549040661204,0.0001127710202345261,0.05993033338103208,0.001581986465522119,0.0000988543145470433,0.0006759309352518201,0.0016316958778613323,0.06717964716524154
Level 114,0.0005605977268737989,0.0001892137927419495,0.0001991359558312059,0.00008293524431737219,0.00008298275325028734,0.0000780718522451427,0.00045864177489205116,0.0002780997126444245,0.0011943800479184159,0.0001298002544403412,0.12665693176626194,0.0032713905989850815,0.00011376885932782621,0.0019218822958898527,0.0017704184981625279,0.15277264766885848
Level 115,0.00036006094859749997,0.00015964031255453844,0.00017309165910992481,0.00007816891516988797,0.0000772624983079619,0.00007874227264377821,0.00031594091247346795,0.00021817020321007443,0.0009481749515901795,0.0001236215935245507,0.06593801262386606,0.005095662660424653,0.00010139413299370617,0.0007996897454281924,0.0013861272868508664,0.12166193114142858
Level 116,0.0003904626247234678,0.00016573205921911472,0.0001834721936709551,0.00007605165337909765,0.00007670747622586965,0.0000773202716735664,0.00027263339828042426,0.00031613031422959224,0.00039703735344360667,0.00012793490257475448,0.06387938714818658,0.0015572845959511774,0.00010178219793521353,0.0006406812770188518,0.0009249371368384703,0.06943176646490355
Level 117,0.0002700991425958891,0.0001453036767622781,0.00015626989659808932,0.00007659721646517043,0.0000746408033938635,0.00007617071507469057,0.00017768249566119815,0.00016648620958366092,0.00046061910688877106,0.00011746436061840208,0.04496452960348318,0.0033338512515737897,0.0000955160145485212,0.0003522996835055805,0.00031963898430741023,0.06850007953979666
Level 118,0.00040552690625190736,0.00019097321412780068,0.00018369101665236732,0.00008647299625656822,0.00007908188483931801,0.00008428164503791116,0.0005203730003400282,0.0004976546222513372,0.00053797262636098,0.00014809105883945118,0.1510340002450076,0.0027228635820475493,0.00015476379882205617,0.0006888001479885794,0.001292536814104427,0.16328112747181545
Level 119,0.00031077820393774245,0.0001683897442287869,0.00017888761228985258,0.0000767774052090115,0.00008105734984079997,0.00007983421285947163,0.00019616633653640747,0.0001830007467004988,0.00041005512078603107,0.0001331667105356852,0.04166644480493334,0.0010321111314826542,0.00009549905856450398,0.00036227785878711275,0.0005536104242006937,0.04923200110594431
Level 120,0.0002783319602409999,0.00015916737417380014,0.00020133331418037415,0.0000766670952240626,0.00007466599345207214,0.00007741712033748627,0.0001698328802982966,0.00018166564404964447,0.0004225832720597585,0.00011383307476838429,0.03751233344276746,0.0007161665707826614,0.00008916668593883514,0.0004180818796157837,0.0008950823297103246,0.05114933289587498
Level 121,0.0002668709043533571,0.00015545155732862411,0.00014338666392910864,0.00007783837856784944,0.00007751680189563382,0.00007877498865127563,0.00016996745140321793,0.00016667741921640213,0.00035474209054823846,0.00011245161294937134,0.040844709402130495,0.0008979355615954246,0.00009287148714065552,0.00036732227571548956,0.0005039680869348588,0.05036983879343156
Level 122,0.0002979672243518214,0.00016570932442142117,0.00014874291035436814,0.0000780645397401625,0.00007783837856784944,0.00008112961246121315,0.0002472261267323648,0.00019074183317922775,0.00040842015897074054,0.0001098064164961538,0.07179177408256839,0.0023450966804258286,0.0000998067759698437,0.0004221609523219447,0.0010226121352564905,0.08314145188177785
Level 123,0.00041892048721194454,0.00016981012038247263,0.00017154651247952918,0.00007796689937713552,0.00007998110398115494,0.00007803259234346577,0.00023609826257001964,0.0003716314917607538,0.0005758714413215143,0.00013725185961507597,0.06183323886553509,0.004917655825940384,0.00010358100748285302,0.0011016170641003457,0.0016138058789248772,0.09430748222049982
Level 124,0.00029502918615060696,0.0001845287487787359,0.00015900043003699358,0.00007550045847892761,0.00007620541488423067,0.00007467695018824409,0.000909441095941207,0.00017732294166789334,0.0004578232765197754,0.00011191188412554124,0.0867487065055791,0.0009178823846227982,0.0000921183210961959,0.00040044109610950243,0.0008698239484254052,0.08151788242599543
Level 125,0.0004760930659594359,0.00025718590175663984,0.00024759203747466756,0.00012964838080936007,0.00012709227976975617,0.00013568555867230452,0.00027111076094486097,0.00031014849190358763,0.0007566862084247448,0.0001930002537038591,0.0678680001033677,0.0016547965782660026,0.00015929603466281183,0.000617537647485733,0.000894147350832268,0.09461044437355465
Level 126,0.00024298845957487056,0.0001415357280236024,0.00013987171726349072,0.00007217185428509346,0.00006851161328645853,0.00007293444986526783,0.0001659332559658931,0.00016052816540766985,0.00029484878938931683,0.00010619501654918377,0.037360901089432914,0.0014545345058043799,0.0000905216599886234,0.00026648198373806784,0.00036875525346169105,0.04673795002775315
Level 127,0.00039600194755927984,0.0001880768208931654,0.00017278204798261762,0.00007864648660460671,0.00007850750462039487,0.00007704956518424736,0.000206791082799653,0.00019652895875029512,0.000595881088531061,0.00012832607105101422,0.04273321618745615,0.0010376904746551654,0.00009713759952849085,0.0004533078153054793,0.0005903920165566735,0.05361013014838372
Level 128,0.0003503337502479553,0.00016849891593058905,0.00017366589357455572,0.00008458395799001057,0.00008341638992230098,0.00008554011583328247,0.00025245950867732364,0.00019887462258338928,0.00114174901197354,0.0001354158545533816,0.05534733273088932,0.0009191253532965978,0.00010533227274815242,0.0004582076023022334,0.0006740841393669447,0.06664670848598082
Level 129,0.0003348374978089944,0.00017486289780364078,0.00017728255345271184,0.00008750407614259639,0.00007965855109385955,0.00008498310533344236,0.00020477748834169828,0.00032232478897795716,0.000371914070386153,0.00012153030460716313,0.056233530052197285,0.0014919403653878432,0.00010458137999233017,0.0005395471667632079,0.000801094003722199,0.06248517092476543
Level 130,0.0002928244832314943,0.000162263090411822,0.00016365357135471545,0.0000808379498490116,0.00007984189218596409,0.00007921068422627031,0.00019525893424686633,0.00019450453028344272,0.0004393988403311947,0.0001175875465075175,0.03704303074954895,0.004887951439932773,0.00009556990443614491,0.0004856269806623459,0.0005144823930765453,0.0479032808032475
Level 131,0.00032893985509872435,0.00017186030745506287,0.00017077982425689697,0.00008237943053245545,0.00008470013737678528,0.00008516043424606324,0.00024954020977020265,0.0002087399363517761,0.0006563989818096161,0.00013927996158599854,0.05830986067652702,0.0010083390772342683,0.00010177984833717346,0.00048267975449562073,0.0006229594349861145,0.06841359987854957
Level 132,0.0004483924350218462,0.00017747864992524005,0.00016597467909960166,0.00007735561083464042,0.00007646382593737108,0.00007492555015147915,0.000367998570288207,0.00022303464455746387,0.00039906447315351146,0.00013378975918205196,0.10498071327889945,0.004226417172562975,0.00010316220056740487,0.0006356112257954756,0.0017301678900256035,0.1041647032504801
Level 133,0.0002475792640133908,0.00012963173682229562,0.00014066683095798158,0.00007254381974538167,0.00007029884217078226,0.000073333319864775,0.00018284221490224203,0.0001552103642831769,0.0008891580397622627,0.00010826255668673599,0.05497970183690389,0.0010032462969160917,0.00008980681498845418,0.0003759817857491343,0.00048656121157763296,0.07769261431275752
Level 134,0.00028115627355873585,0.00014971871860325336,0.0001402811612933874,0.00007393700070679188,0.00007371790707111359,0.00007581315003335476,0.0001915616448968649,0.00017050071619451046,0.00048262509517371655,0.00012053083628416061,0.051188498735427856,0.0020366245880723,0.00008903048001229763,0.00040484429337084293,0.0005034361965954304,0.061338000232353806
Level 135,0.0004391657809416453,0.00018016683558622995,0.00018766584495703378,0.00009033332268397014,0.00007724761962890625,0.00007641563812891643,0.0004107498874266942,0.0008002507189909617,0.0019332499553759892,0.0001666676253080368,0.08435891568660736,0.0033405000964800515,0.00009358239670594533,0.0012012509008248646,0.0022915005683898926,0.20268041578431925
Level 136,0.00026682104979110173,0.00013730333159166398,0.00014633115259336647,0.00007191931895482967,0.00007889255255599785,0.0000743498652014725,0.00018688956417525722,0.00024197668903166918,0.00029615411306057894,0.00011355057938102616,0.0438470541967389,0.001568650012809789,0.00008724260246772232,0.0003147231846537968,0.00039169364963682776,0.053483546139385614
Level 137,0.00032092896955353875,0.00014385793890271868,0.00015792836036000933,0.00006778538227081299,0.00006785616278648376,0.00007228606513568334,0.00022878657494272505,0.00017571396061352322,0.0006377867289951869,0.00012421288660594394,0.05601864361337253,0.0012865007988044194,0.00008328684738704137,0.00036864355206489563,0.000791070716721671,0.07048178410955838
Level 138,0.0004515250523885091,0.00020990485236758278,0.00021285670144217356,0.0001056669723419916,0.00011181015343893142,0.00010542890855244227,0.0002576669766789391,0.00025804731107893444,0.0005970465995016552,0.00017990455740974064,0.05753699938456217,0.0011475242319561186,0.00012166620720000494,0.0005379517873128256,0.0007769518664905003,0.06769828569321405
Level 139,0.000459726561199535,0.00022963705387982455,0.00021390955556522715,0.00010063634677366777,0.00010517916896126486,0.00010381909933957186,0.00031390921636061233,0.00027372755787589335,0.0005793625658208674,0.00017899952151558617,0.056975909932093186,0.000994000245224346,0.00010963664813475175,0.0006719109686938199,0.001068545336073095,0.068548091433265
Level 140,0.0005925656338713676,0.00020461853934790146,0.00019394699733526745,0.00007933594912976968,0.00008391274860598661,0.00007800846876916747,0.0008780690449792303,0.0004740836558714868,0.0006910771386918373,0.00015478530109535262,0.22845018042892967,0.0018670241431750648,0.00010558329103589377,0.0007757279098065831,0.001803115716610098,0.2452595002378572
Level 141,0.0004928739526596389,0.00021473770622087106,0.00019478838569728674,0.00008132425099890934,0.00008498756606220528,0.00007941722289056889,0.00029218734446517726,0.0002686812972478645,0.0005094098661030907,0.00015885290928143039,0.059799344332785734,0.0033337822541867706,0.00011360536982731952,0.0009646087291179771,0.001331114300672017,0.06629975689181143
Level 142,0.0004863748326897621,0.00021662376821041107,0.00022724829614162445,0.00007574912160634995,0.00008037406951189041,0.00007825065404176712,0.00034574978053569794,0.0002043750137090683,0.0008848775178194046,0.00018487684428691864,0.0846423739567399,0.0017158742994070053,0.00010799989104270935,0.0005797510966658592,0.0005526253953576088,0.10640212427824736
Level 143,0.00032407618485964264,0.00016676921110886795,0.00015861541032791138,0.00008100099288500272,0.00007869131289995633,0.00008269342092367318,0.0002309244412642259,0.0002189995004580571,0.00040984612244826096,0.00016999932435842662,0.05553369281383661,0.0036136158383809603,0.00009492154304797832,0.00043761443633299606,0.0009131540472690875,0.06369561472764382
Level 144,0.00029190785808270206,0.00015270093965796786,0.0001502625810700422,0.00007489975021538122,0.00007204457534758073,0.00007845288631636337,0.00019384629233589384,0.0002881503513072456,0.0002840752583309259,0.00011318160335444872,0.052577929893851946,0.0009844273994754813,0.0001031900209754539,0.0004657988316852953,0.0012971760923636026,0.05796882957636311
Level 145,0.0003870903994097854,0.00016627302675536185,0.0001726064718130863,0.00007542448513435595,0.00007675791328603572,0.00007727268067273226,0.0002626968604145628,0.00022903039599909926,0.00052821162072095,0.00011412122032859109,0.06459178707816383,0.0028999991940729546,0.00009890781207518144,0.0005962428721514615,0.0005595453760840676,0.07241124275958899
Level 146,0.0003906843782665335,0.00018751249339226292,0.00016929040070567188,0.00008021523936563024,0.00008297500158590148,0.0000816559876145823,0.0002899031980407855,0.00021338068533421358,0.0005463604536995864,0.00013409702974886249,0.0743317577571224,0.0032030301221424033,0.00011080474855505764,0.000592497334456404,0.0006499632023809749,0.07790389173168173
Level 147,0.0003052949905395508,0.00013982329298468197,0.00013947180088828593,0.00007461800294763902,0.00007358785061275258,0.00007447030614404117,0.00025350030730752387,0.0003546759047928978,0.00030497110941830804,0.00010917664450757643,0.07766879306120031,0.001697558252250447,0.00008870573604808134,0.00040782374494216023,0.0013082945609793944,0.0836999122710789
Level 148,0.00039802405311634316,0.00017800822988247108,0.00016068151583967965,0.00008320877933262828,0.00007692914113466169,0.00008053317606651535,0.0002987871410469,0.00041543098328016047,0.0003411463263396338,0.00011741221237091094,0.06609577160654789,0.0049076375232372255,0.00011934388401975453,0.0008684541751235551,0.0011838156832790472,0.07121108753077832
Level 149,0.00045650996282428825,0.00018828294800926794,0.00017988956560809766,0.00008357998615738344,0.0000803082334903418,0.00008421289941518576,0.00033572455523399124,0.00045382923176865293,0.00038740610807102996,0.00013072035552728103,0.07034336043090363,0.005128808140592608,0.00011118977793683312,0.0009309874560775705,0.0012883506889771184,0.07523836546216887
Level 150,0.00027348328795697953,0.0001503387052151892,0.00015416668934954537,0.00007515866309404373,0.00007689965681897269,0.00007540010329749849,0.000300358422100544,0.0001896498931778802,0.0006755694540010558,0.00011430827693806755,0.053257591753370234,0.004322705190214846,0.00009313074664937125,0.0004379942392309507,0.0007742414457930459,0.07475278605189588
Level 151,0.0004890364934995555,0.00019186854730417698,0.00018036462803173845,0.0000808211038618829,0.00008166857469270508,0.00007983240624590141,0.00029452753479512663,0.0002483218685479148,0.0004980196524362858,0.00014066201793569167,0.060527209826675296,0.002940062269596945,0.00011289479747645193,0.0006214678740940847,0.0006804265570296472,0.06617019919235174
Level 152,0.0003486964851617813,0.00015539303421974182,0.00016157116208757673,0.00008207160447325026,0.00007821473159960337,0.0000780888700059482,0.0002938394567796162,0.00019160711339541843,0.000483339253280844,0.0001114823722413608,0.06299146371228355,0.0010186248858060157,0.00009660609066486359,0.0007175173876541001,0.000745839040194239,0.0723876069699015
Level 153,0.0004950443196994989,0.00020853069750619946,0.00018593900515800882,0.00008309615171390312,0.0000837890200820143,0.00008057679110348617,0.0004938164079039666,0.00026119478131509153,0.0005076664404746521,0.00016998268944449005,0.09864164252909656,0.0012484452616505757,0.00013192784479828702,0.0007195327402016252,0.001953092053559321,0.10658435681606579
Level 154,0.00037449970841407776,0.00019157225532191141,0.0001871072288070406,0.00007939391902514867,0.00008299973394189562,0.0000807499246937888,0.00038053574306624275,0.0002226079148905618,0.0003501426960740771,0.00014982159648622786,0.09821489400097302,0.0008347856679133006,0.00011542918426649911,0.0004822492067302976,0.0011239283319030488,0.10657103492745332
Level 155,0.00037170374805312045,0.0001710515681167336,0.00016176711163288143,0.00008082471909112124,0.00008312380462386421,0.00007692734693790584,0.00027357018372772997,0.0002469217172886264,0.0009238142363339481,0.00018456264898870242,0.055287708237738,0.0017876496530140212,0.00011033820578597906,0.00040601867456614374,0.000579435567822007,0.21108166428689162
Level 156,0.0003496622809996972,0.0001474467607644888,0.0001664468875298133,0.00007509188010142399,0.00007695406675338745,0.00007664595658962543,0.0003406604895224938,0.0002226615181336036,0.0017554772587922904,0.00013541499009499182,0.23572216962392514,0.0030222464066285352,0.0000928767598592318,0.000597461828818688,0.0005590771253292377,0.252917907673579
Level 157,0.0002895433987889971,0.00014619954994746616,0.00013991487877709524,0.00007731403623308454,0.0000737435051373073,0.00007625775677817208,0.00020648581641060965,0.0002988851496151515,0.0004019713827541896,0.00011405710663114275,0.06311854358230318,0.001345913325037275,0.00008934225354875838,0.0005462861486843654,0.0013844568814550128,0.07007245740720204
Level 158,0.0002602033459683925,0.00014237549744154277,0.00014879198023006677,0.00007569613425355208,0.00007366274960303421,0.0000747820656550558,0.0002116172899754994,0.000261129232114582,0.00025950712664275647,0.0001116267374257722,0.05598643090593758,0.0018113753869773098,0.00009227989678177537,0.00032756206664172083,0.0011805167965341413,0.06262294971272706
Level 159,0.00028059471930776326,0.00015073837268920172,0.0001456902495452336,0.00007445223274685087,0.0000754293231737046,0.00007816705675352187,0.00017647569378217062,0.00026738075982956657,0.0003217614832378569,0.00010159505265099662,0.05194495316772234,0.0009599051305225917,0.00009226231347946894,0.00041323811525390263,0.0005989518193971543,0.057752404716752824
Level 160,0.0004067709557263248,0.00019896968481052354,0.00022177680967802024,0.00009301188121359032,0.00009362606039966445,0.00009539193776716669,0.00038731937487441375,0.00040669241044894756,0.002944265009768038,0.00014284926365657025,0.12429115068481629,0.001600463706326772,0.00012500633496836009,0.0006844457912157817,0.00099075307329017,0.1358051144753594
Level 161,0.0004607940859654371,0.00017844184356577257,0.0001665285843260148,0.00006829377482919132,0.00007108861909193151,0.0000762354363413418,0.0002767342854948605,0.0003452355809071485,0.0004342952195335837,0.00012047172469251295,0.07307179337915252,0.002185059163500281,0.00008288266904213849,0.0009053825017283944,0.0006424114108085632,0.08311647001434774
Level 162,0.00036931969225406647,0.00016211017966270448,0.0001549498736858368,0.00007225081324577332,0.00007111981511116028,0.00007042020559310913,0.00031977012753486633,0.00018584996461868287,0.0005504297465085983,0.00011353999376296997,0.1077081899344921,0.0021632999926805498,0.0000958697497844696,0.0006329593807458877,0.0004201503098011017,0.12434212990105152
Level 163,0.0003634113157641282,0.00016166812440540586,0.000154055145439076,0.00007349860248149641,0.00007962479058756695,0.00007405198846201654,0.0003678246894443557,0.00018948989959904544,0.0007244474273895295,0.00012032037375262081,0.10230173216998749,0.0038635243455435605,0.00010481815381566722,0.00048613375646308345,0.0005813862612907328,0.12456987453068015
Level 164,0.00034187696091047637,0.00016111401734767374,0.00017438746160931059,0.00007479575213727292,0.00007693704452600566,0.00007680170349888615,0.00024228827194408613,0.0001875674491888052,0.00035914686975536405,0.00011929406507595165,0.09356168140699198,0.0011511922285363481,0.0001012881820624297,0.000557023953568112,0.0012984444966187348,0.10005930614274543
Level 165,0.0003042399883270264,0.00013972014188766478,0.0001427990198135376,0.00007048100233078002,0.0000738796591758728,0.00007536053657531738,0.00020236045122146607,0.00016759872436523438,0.00043732106685638426,0.00010199964046478271,0.05295039981603623,0.0010024797916412353,0.00008740007877349853,0.000416799783706665,0.0005714806914329529,0.06224368065595627
Level 166,0.00035962303155574244,0.00016352906823158264,0.00020539466345655745,0.00007526090611582217,0.000078847901760668,0.00008018854735554129,0.0008375254068253697,0.0004340760625790859,0.0004416666655004888,0.00012434041802433953,0.21396992050543212,0.0012963297574416451,0.00010559429832990618,0.001294464115863261,0.003508456672231356,0.22400192049858364
Level 167,0.0004006261005997658,0.00016124825924634933,0.00020437594503164291,0.00006962660700082779,0.0000688750296831131,0.00007649976760149002,0.0004783729091286659,0.000276750884950161,0.0005722502246499062,0.00015487708151340485,0.08801850117743015,0.002106626518070698,0.00008362438529729843,0.0006447490304708481,0.001939999870955944,0.09663675166666508
Level 168,0.0006930003874003887,0.002221063245087862,0.00031575048342347145,0.0001276242546737194,0.0001341882161796093,0.0001316252164542675,0.0008736252784729004,0.0003755013458430767,0.0008295006118714809,0.00024506356567144394,0.37131537636741996,0.0018146242946386337,0.00018381141126155853,0.0015037497505545616,0.002176126465201378,0.3559455000795424
Level 169,0.00043378927205738266,0.00017489492893218994,0.0001761576062754581,0.00008357786818554527,0.00009110609167500546,0.00008941990764517533,0.0003867894411087036,0.0005448421365336367,0.0006898425911602221,0.00015173695589366712,0.08847063191627201,0.0011119979776834186,0.00011078934920461554,0.0008323149461495248,0.0012626314633770992,0.10103042110016472
Level 170,0.0005659863482408696,0.00020697789514753507,0.00019742020293854188,0.00008488979964231823,0.00008667230825458231,0.00008791391934078506,0.0008923262739963307,0.0005276066326095195,0.0005689232880027331,0.00015608380508561127,0.1754313197012674,0.00733370975593943,0.0001167300660616049,0.0011570995177856759,0.0007585541490808598,0.17581198504765916
Level 171,0.0006126397890275414,0.00022264330514839718,0.00022293476714669571,0.0000819051057843211,0.00009385983380180991,0.00009544588596857405,0.0005409899538281095,0.0004138971892322127,0.0009719607199712774,0.00015909231534854564,0.0835825045104652,0.0026080949555221705,0.00012479942338407211,0.0008087838077533736,0.0008228521379762733,0.0999106689983995
Level 172,0.0003919843278947424,0.00015529562703898696,0.0001870489022770866,0.00007659050284839068,0.00007642646793459282,0.00007527883424133551,0.0003599671066784468,0.00022526158661138816,0.0006223281875985568,0.0001310497278072795,0.08785019692827443,0.0031215077052350903,0.00009262244232365342,0.0006588196656743034,0.0007573939004882437,0.09574755757558541
Level 173,0.0007568503757871464,0.00027311193084938236,0.00024301963555554488,0.00008640710506645887,0.00008943131802866948,0.00008690597487553969,0.0016549859653439438,0.0008743606946047614,0.0014540505037096139,0.0001836676108271222,0.3695738885101888,0.015219225429990343,0.00012904332548964258,0.0026148349100529717,0.001982735760194721,0.4374571724326741
Level 174,0.0005613740470261077,0.00021754776721087077,0.0002146617438266283,0.00008346743613075101,0.00009101611302318961,0.00008517447646791503,0.0003671329792094146,0.00029306370516525305,0.0005978046428059365,0.00017334338484268288,0.07248720612433299,0.004795038649161998,0.00011641357505341545,0.0011369584585135839,0.0006648701525683184,0.07776578528433899
Level 175,0.0008615517877971829,0.0002646281307066242,0.00023877736173870469,0.0000951707956601013,0.00009284601073118638,0.00009239376692419546,0.0017590321879297666,0.0009892467952792795,0.0018396420715351709,0.00018104270543910263,0.3773183761032266,0.015772396383982246,0.00015165021861125779,0.0027676080165863494,0.002086933366167797,0.45093488386490754
Level 176,0.0007237950109366444,0.00022989266849132077,0.00020889919781896457,0.00008590846891884267,0.00008676691430576044,0.00008740349873267062,0.0015541005432466546,0.0009026305940539856,0.0015915707971714524,0.0001724914154790373,0.36126452270983983,0.015349502567791705,0.00013519209687367937,0.0027845437033384665,0.0027709241986052,0.43486549600868346
Level 177,0.0007287096085031426,0.0002676620105247477,0.00024603404260987126,0.00008898577697268627,0.00009785284263111531,0.00009488212505370192,0.0005330155547520537,0.0004644124108807848,0.0008390558266048696,0.0002014516436478904,0.0913011746238019,0.004319408058600606,0.00013347974316491252,0.0009662522319161382,0.003425819760234633,0.09489571286080742
Level 178,0.0009683584764359459,0.00028320322293908364,0.00029886084939202955,0.0000899303043561597,0.00010638247514444012,0.00010289030089493721,0.0009708456184354521,0.0010045323190429518,0.001316439483555094,0.00025088315409037374,0.26963763634163523,0.005287700050300167,0.000158733505034639,0.002466492778471401,0.005140526980281838,0.3068944306263039
Level 179,0.00042460039258003236,0.00020549967885017396,0.00019939914345741273,0.00009059980511665345,0.00008950009942054749,0.00009310096502304077,0.00040120035409927366,0.00043710246682167054,0.0006110996007919311,0.00016699880361557007,0.06946249976754189,0.002191901206970215,0.00010929778218269349,0.0009250000119209289,0.0009136997163295746,0.07657329961657525
Level 180,0.000451159084317696,0.00017810416458851068,0.00016949740956671795,0.00007912468406098399,0.00008133835905226902,0.0000809056322966049,0.0005864329005948346,0.00023908434963938017,0.0009258107388790567,0.0001376019559096341,0.16532556716334168,0.0033905126562165976,0.00011339301790171001,0.0019140350655536746,0.0023683781795833833,0.1858625674425666
Level 181,0.0004460927602073429,0.00019105303301086284,0.0001748255542737942,0.00008454966854979997,0.0000843131650847251,0.00008533970323987706,0.00039434591778912816,0.00044692458172869665,0.0009652102349114596,0.00014298238699704828,0.10629986103719784,0.007956369519974442,0.00011626447226108355,0.0005393115156997603,0.0007130356880511345,0.14506996712819445
Level 182,0.0005815976183087787,0.00020497771029933306,0.0001956030490386786,0.00008311568016189887,0.00008597616847698326,0.00009114175506345696,0.0003200465913649145,0.0005030729695690572,0.0006568362654433675,0.00016911277906087044,0.06416906308177975,0.00504580235036608,0.00012080734729314929,0.0006985903076773054,0.0010936099348951413,0.07992989833184512
Level 183,0.0005695733801976213,0.0002161312882064385,0.00018814371905999226,0.0000808002974206695,0.00008757361927748035,0.0000840742521730154,0.0011462608272785665,0.001488906810154119,0.0007409466134160179,0.00016177185795439785,0.34010167507042705,0.0019420455972559239,0.00013962767218248038,0.0014340395124732754,0.002889571576963575,0.3593617761601606
Level 184,0.0005199644021452401,0.00020979310325819797,0.00017082573551880685,0.00007905452349965354,0.00008281872913605907,0.00009359015059347414,0.0010588863261148964,0.001385680867222347,0.0008129522320382943,0.00014115648525038678,0.33582928660481043,0.003429475144446559,0.00011535951822134545,0.0015543498557262548,0.0028005867445354024,0.3529190147658734
